Name,EAN,DPT,BC,DIA
Air optix Plus Hydraglyde,,-12.00,8.6,14.2
Air optix Plus Hydraglyde,,-11.50,8.6,14.2
Air optix Plus Hydraglyde,,-11.00,8.6,14.2
Air optix Plus Hydraglyde,,-10.50,8.6,14.2
Air optix Plus Hydraglyde,,-10.00,8.6,14.2
Air optix Plus Hydraglyde,,-9.50,8.6,14.2
Air optix Plus Hydraglyde,846566843688,-9.00,8.6,14.2
Air optix Plus Hydraglyde,846566843671,-8.50,8.6,14.2
Air optix Plus Hydraglyde,846566843664,-8.00,8.6,14.2
Air optix Plus Hydraglyde,846566843640,-7.50,8.6,14.2
Air optix Plus Hydraglyde,846566843626,-7.00,8.6,14.2
,846566843619,-6.75,,
Air optix Plus Hydraglyde,846566843602,-6.50,8.6,14.2
,846566843596,-6.25,,
Air optix Plus Hydraglyde,846566843589,-6.00,8.6,14.2
Air optix Plus Hydraglyde,846566843572,-5.75,8.6,14.2
Air optix Plus Hydraglyde,846566843565,-5.50,8.6,14.2
Air optix Plus Hydraglyde,846566843558,-5.25,8.6,14.2
Air optix Plus Hydraglyde,846566843541,-5.00,8.6,14.2
Air optix Plus Hydraglyde,846566843534,-4.75,8.6,14.2
Air optix Plus Hydraglyde,846566843527,-4.50,8.6,14.2
Air optix Plus Hydraglyde,846566843510,-4.25,8.6,14.2
Air optix Plus Hydraglyde,846566843503,-4.00,8.6,14.2
Air optix Plus Hydraglyde,846566843497,-3.75,8.6,14.2
Air optix Plus Hydraglyde,846566843480,-3.50,8.6,14.2
Air optix Plus Hydraglyde,846566843473,-3.25,8.6,14.2
Air optix Plus Hydraglyde,846566843466,-3.00,8.6,14.2
Air optix Plus Hydraglyde,846566843459,-2.75,8.6,14.2
Air optix Plus Hydraglyde,846566843442,-2.50,8.6,14.2
Air optix Plus Hydraglyde,846566843435,-2.25,8.6,14.2
Air optix Plus Hydraglyde,846566843428,-2.00,8.6,14.2
Air optix Plus Hydraglyde,846566843411,-1.75,8.6,14.2
Air optix Plus Hydraglyde,846566843404,-1.50,8.6,14.2
Air optix Plus Hydraglyde,846566843398,-1.25,8.6,14.2
Air optix Plus Hydraglyde,846566843381,-1.00,8.6,14.2
Air optix Plus Hydraglyde,846566843374,-0.75,8.6,14.2
Air optix Plus Hydraglyde,846566843367,-0.50,8.6,14.2
Air optix Plus Hydraglyde,846566843336,0.50,8.6,14.2
Air optix Plus Hydraglyde,846566843329,0.75,8.6,14.2
Air optix Plus Hydraglyde,846566843312,1.00,8.6,14.2
Air optix Plus Hydraglyde,846566843305,1.25,8.6,14.2
Air optix Plus Hydraglyde,846566843299,1.50,8.6,14.2
Air optix Plus Hydraglyde,846566843282,1.75,8.6,14.2
Air optix Plus Hydraglyde,846566843275,2.00,8.6,14.2
Air optix Plus Hydraglyde,846566843268,2.25,8.6,14.2
Air optix Plus Hydraglyde,846566843251,2.50,8.6,14.2
Air optix Plus Hydraglyde,846566843244,2.75,8.6,14.2
Air optix Plus Hydraglyde,846566843237,3.00,8.6,14.2
Air optix Plus Hydraglyde,846566843220,3.25,8.6,14.2
Air optix Plus Hydraglyde,846566843213,3.50,8.6,14.2
Air optix Plus Hydraglyde,846566843206,3.75,8.6,14.2
Air optix Plus Hydraglyde,846566843190,4.00,8.6,14.2
Air optix Plus Hydraglyde,846566843183,4.25,8.6,14.2
Air optix Plus Hydraglyde,846566843176,4.50,8.6,14.2
Air optix Plus Hydraglyde,846566843169,4.75,8.6,14.2
Air optix Plus Hydraglyde,846566843152,5.00,8.6,14.2
Air optix Plus Hydraglyde,,5.25,8.6,14.2
Air optix Plus Hydraglyde,846566843138,5.50,8.6,14.2
Air optix Plus Hydraglyde,,5.75,8.6,14.2
Air optix Plus Hydraglyde,846566843114,6.00,8.6,14.2
