Name,SKU,Power,BC,DIA
BioTrue 1 day 30 pack ,,-12.00,8.6,14.2
BioTrue 1 day 30 pack ,,-11.50,8.6,14.2
BioTrue 1 day 30 pack ,,-11.00,8.6,14.2
BioTrue 1 day 30 pack ,,-10.50,8.6,14.2
BioTrue 1 day 30 pack ,,-10.00,8.6,14.2
BioTrue 1 day 30 pack ,,-9.50,8.6,14.2
BioTrue 1 day 30 pack ,,-9.00,8.6,14.2
BioTrue 1 day 30 pack ,785810072156,-8.50,8.6,14.2
BioTrue 1 day 30 pack ,785810072149,-8.00,8.6,14.2
BioTrue 1 day 30 pack ,785810072132,-7.50,8.6,14.2
BioTrue 1 day 30 pack ,785810072125,-7.00,8.6,14.2
BioTrue 1 day 30 pack ,,-6.75,,
BioTrue 1 day 30 pack ,785810072118,-6.50,8.6,14.2
BioTrue 1 day 30 pack ,785810072101,-6.25,,
BioTrue 1 day 30 pack ,785810072095,-6.00,8.6,14.2
BioTrue 1 day 30 pack ,785810072088,-5.75,8.6,14.2
BioTrue 1 day 30 pack ,785810072071,-5.50,8.6,14.2
BioTrue 1 day 30 pack ,,-5.25,8.6,14.2
BioTrue 1 day 30 pack ,785810072057,-5.00,8.6,14.2
BioTrue 1 day 30 pack ,785810072040,-4.75,8.6,14.2
BioTrue 1 day 30 pack ,785810072033,-4.50,8.6,14.2
BioTrue 1 day 30 pack ,785810072026,-4.25,8.6,14.2
BioTrue 1 day 30 pack ,785810072019,-4.00,8.6,14.2
BioTrue 1 day 30 pack ,785810072002,-3.75,8.6,14.2
BioTrue 1 day 30 pack ,785810071999,-3.50,8.6,14.2
BioTrue 1 day 30 pack ,785810071982,-3.25,8.6,14.2
BioTrue 1 day 30 pack ,785810071975,-3.00,8.6,14.2
BioTrue 1 day 30 pack ,785810071968,-2.75,8.6,14.2
BioTrue 1 day 30 pack ,785810071951,-2.50,8.6,14.2
BioTrue 1 day 30 pack ,785810071944,-2.25,8.6,14.2
BioTrue 1 day 30 pack ,785810071937,-2.00,8.6,14.2
BioTrue 1 day 30 pack ,785810071920,-1.75,8.6,14.2
BioTrue 1 day 30 pack ,785810071913,-1.50,8.6,14.2
BioTrue 1 day 30 pack ,785810071906,-1.25,8.6,14.2
BioTrue 1 day 30 pack ,785810071890,-1.00,8.6,14.2
BioTrue 1 day 30 pack ,785810071883,-0.75,8.6,14.2
BioTrue 1 day 30 pack ,785810071876,-0.50,8.6,14.2
BioTrue 1 day 30 pack ,,0.50,8.6,14.2
BioTrue 1 day 30 pack ,,0.75,8.6,14.2
BioTrue 1 day 30 pack ,785810071630,1.00,8.6,14.2
BioTrue 1 day 30 pack ,785810071647,1.25,8.6,14.2
BioTrue 1 day 30 pack ,785810071654,1.50,8.6,14.2
BioTrue 1 day 30 pack ,785810071661,1.75,8.6,14.2
BioTrue 1 day 30 pack ,785810071678,2.00,8.6,14.2
BioTrue 1 day 30 pack ,785810071685,2.25,8.6,14.2
BioTrue 1 day 30 pack ,785810071692,2.50,8.6,14.2
BioTrue 1 day 30 pack ,785810071708,2.75,8.6,14.2
BioTrue 1 day 30 pack ,785810071715,3.00,8.6,14.2
BioTrue 1 day 30 pack ,785810071722,3.25,8.6,14.2
BioTrue 1 day 30 pack ,785810071739,3.50,8.6,14.2
BioTrue 1 day 30 pack ,785810071746,3.75,8.6,14.2
BioTrue 1 day 30 pack ,785810071753,4.00,8.6,14.2
BioTrue 1 day 30 pack ,785810071760,4.25,8.6,14.2
BioTrue 1 day 30 pack ,785810071777,4.50,8.6,14.2
BioTrue 1 day 30 pack ,785810071784,4.75,8.6,14.2
BioTrue 1 day 30 pack ,785810071791,5.00,8.6,14.2
BioTrue 1 day 30 pack ,785810071807,5.25,8.6,14.2
BioTrue 1 day 30 pack ,785810071814,5.50,8.6,14.2
BioTrue 1 day 30 pack ,785810071821,5.75,8.6,14.2
BioTrue 1 day 30 pack ,785810071838,6.00,8.6,14.2
